Step,Player,Start_Cash,Risk_Ratio,End_Cash,Rank,Asset_Gap_From_Top,Inv_Stock_W,Return_Stock_W,Inv_Stock_X,Return_Stock_X,Inv_Stock_Y,Return_Stock_Y,Inv_Stock_Z,Return_Stock_Z,Is_Ranking_Published
1,Player_A,100000.0,0.0,100000.0,-,-,0.0,-0.045,0.0,-0.018,0.0,0.028,0.0,0.091,False
1,Player_B,100000.0,0.8,101114.2,-,-,20000.0,-0.045,20000.0,-0.018,20000.0,0.028,20000.0,0.091,False
1,Player_C,100000.0,0.8,101114.2,-,-,20000.0,-0.045,20000.0,-0.018,20000.0,0.028,20000.0,0.091,False
1,Player_D,100000.0,0.8,101114.2,-,-,20000.0,-0.045,20000.0,-0.018,20000.0,0.028,20000.0,0.091,False
2,Player_A,100000.0,0.05,100044.8,4,1114.2,1600.0,-0.049,1000.0,0.075,1000.0,0.007,1000.0,0.041,True
2,Player_B,101114.2,0.5,101830.4,1,0.0,0.0,-0.049,0.0,0.075,40445.7,0.007,10111.4,0.041,True
2,Player_C,101114.2,0.75,102697.7,2,0.0,15167.1,-0.049,20222.8,0.075,25278.6,0.007,15167.1,0.041,True
2,Player_D,101114.2,0.75,102697.7,3,0.0,15167.1,-0.049,20222.8,0.075,25278.6,0.007,15167.1,0.041,True
3,Player_A,100044.8,0.0,100044.8,-,-,0.0,-0.035,0.0,-0.22,0.0,-0.005,0.0,0.038,False
3,Player_B,101830.4,0.8,97299.1,-,-,20366.1,-0.035,20366.1,-0.22,20366.1,-0.005,20366.1,0.038,False
3,Player_C,102697.7,0.8,98127.7,-,-,20539.5,-0.035,20539.5,-0.22,20539.5,-0.005,20539.5,0.038,False
3,Player_D,102697.7,0.8,98127.7,-,-,20539.5,-0.035,20539.5,-0.22,20539.5,-0.005,20539.5,0.038,False
4,Player_A,100044.8,0.0,100044.8,1,0.0,0.0,-0.06,0.0,0.048,0.0,0.003,0.0,0.004,True
4,Player_B,97299.1,0.9,97465.3,4,2745.7,29189.7,-0.06,38919.6,0.048,0.0,0.003,19459.8,0.004,True
4,Player_C,98127.7,0.75,98300.4,2,1917.1,14719.2,-0.06,19625.5,0.048,24531.9,0.003,14719.2,0.004,True
4,Player_D,98127.7,0.75,98300.4,3,1917.1,14719.2,-0.06,19625.5,0.048,24531.9,0.003,14719.2,0.004,True
5,Player_A,100044.8,0.0,100044.8,-,-,0.0,-0.011,0.0,-0.017,0.0,0.013,0.0,0.003,False
5,Player_B,97465.3,0.8,97229.5,-,-,19493.1,-0.011,19493.1,-0.017,19493.1,0.013,19493.1,0.003,False
5,Player_C,98300.4,0.8,98062.6,-,-,19660.1,-0.011,19660.1,-0.017,19660.1,0.013,19660.1,0.003,False
5,Player_D,98300.4,0.8,98062.6,-,-,19660.1,-0.011,19660.1,-0.017,19660.1,0.013,19660.1,0.003,False
6,Player_A,100044.8,0.0,100044.8,1,0.0,0.0,-0.051,0.0,0.023,0.0,0.453,0.0,0.075,True
6,Player_B,97229.5,0.9,98110.8,4,2815.3,29168.9,-0.051,38891.8,0.023,0.0,0.453,19445.9,0.075,True
6,Player_C,98062.6,0.75,109970.4,2,1982.2,14709.4,-0.051,19612.5,0.023,24515.6,0.453,14709.4,0.075,True
6,Player_D,98062.6,0.75,109970.4,3,1982.2,14709.4,-0.051,19612.5,0.023,24515.6,0.453,14709.4,0.075,True
7,Player_A,100044.8,0.0,100044.8,-,-,0.0,-0.052,0.0,-0.025,0.0,0.006,0.0,0.134,False
7,Player_B,98110.8,0.8,99348.1,-,-,19622.2,-0.052,19622.2,-0.025,19622.2,0.006,19622.2,0.134,False
7,Player_C,109970.4,0.8,111357.3,-,-,21994.1,-0.052,21994.1,-0.025,21994.1,0.006,21994.1,0.134,False
7,Player_D,109970.4,0.8,111357.3,-,-,21994.1,-0.052,21994.1,-0.025,21994.1,0.006,21994.1,0.134,False
8,Player_A,100044.8,0.0,100044.8,3,11312.5,0.0,-0.04,0.0,-0.117,0.0,0.02,0.0,0.011,True
8,Player_B,99348.1,0.9,93723.2,4,12009.2,29804.4,-0.04,39739.3,-0.117,0.0,0.02,19869.6,0.011,True
8,Player_C,111357.3,0.5,112382.5,1,0.0,0.0,-0.04,0.0,-0.117,44542.9,0.02,11135.7,0.011,True
8,Player_D,111357.3,0.75,108830.1,2,0.0,16703.6,-0.04,22271.5,-0.117,27839.3,0.02,16703.6,0.011,True
9,Player_A,100044.8,0.0,100044.8,-,-,0.0,-0.036,0.0,-0.225,0.0,-0.001,0.0,0.068,False
9,Player_B,93723.2,0.8,90079.5,-,-,18744.6,-0.036,18744.6,-0.225,18744.6,-0.001,18744.6,0.068,False
9,Player_C,112382.5,0.8,108013.3,-,-,22476.5,-0.036,22476.5,-0.225,22476.5,-0.001,22476.5,0.068,False
9,Player_D,108830.1,0.8,104599.0,-,-,21766.0,-0.036,21766.0,-0.225,21766.0,-0.001,21766.0,0.068,False
10,Player_A,100044.8,0.0,100044.8,3,7968.5,0.0,-0.025,0.0,0.031,0.0,0.011,0.0,0.048,True
10,Player_B,90079.5,0.9,91362.9,4,17933.8,27023.8,-0.025,36031.8,0.031,0.0,0.011,18015.9,0.048,True
10,Player_C,108013.3,0.5,108999.8,1,0.0,0.0,-0.025,0.0,0.031,43205.3,0.011,10801.3,0.048,True
10,Player_D,104599.0,0.75,105878.5,2,3414.3,15689.9,-0.025,20919.8,0.031,26149.8,0.011,15689.9,0.048,True
11,Player_A,100044.8,0.0,100044.8,-,-,0.0,-0.07,0.0,-0.076,0.0,0.007,0.0,0.102,False
11,Player_B,91362.9,0.8,90700.1,-,-,18272.6,-0.07,18272.6,-0.076,18272.6,0.007,18272.6,0.102,False
11,Player_C,108999.8,0.8,108209.0,-,-,21800.0,-0.07,21800.0,-0.076,21800.0,0.007,21800.0,0.102,False
11,Player_D,105878.5,0.8,105110.4,-,-,21175.7,-0.07,21175.7,-0.076,21175.7,0.007,21175.7,0.102,False
12,Player_A,100044.8,0.0,100044.8,3,8164.2,0.0,-0.033,0.0,-0.202,0.0,0.015,0.0,0.045,True
12,Player_B,90700.1,0.9,83294.9,4,17509.0,27210.0,-0.033,36280.0,-0.202,0.0,0.015,18140.0,0.045,True
12,Player_C,108209.0,0.5,109351.3,1,0.0,0.0,-0.033,0.0,-0.202,43283.6,0.015,10820.9,0.045,True
12,Player_D,105110.4,0.75,101454.4,2,3098.6,15766.6,-0.033,21022.1,-0.202,26277.6,0.015,15766.6,0.045,True
13,Player_A,100044.8,0.0,100044.8,-,-,0.0,-0.054,0.0,0.083,0.0,0.022,0.0,-0.316,False
13,Player_B,83294.9,0.8,78907.8,-,-,16659.0,-0.054,16659.0,0.083,16659.0,0.022,16659.0,-0.316,False
13,Player_C,109351.3,0.8,103591.9,-,-,21870.3,-0.054,21870.3,0.083,21870.3,0.022,21870.3,-0.316,False
13,Player_D,101454.4,0.8,96110.9,-,-,20290.9,-0.054,20290.9,0.083,20290.9,0.022,20290.9,-0.316,False
14,Player_A,100044.8,0.0,100044.8,2,3547.0,0.0,-0.058,0.0,-0.003,0.0,0.027,0.0,0.015,True
14,Player_B,78907.8,0.9,77665.4,4,24684.0,23672.3,-0.058,31563.1,-0.003,0.0,0.027,15781.6,0.015,True
14,Player_C,103591.9,0.5,104853.6,1,0.0,0.0,-0.058,0.0,-0.003,41436.7,0.027,10359.2,0.015,True
14,Player_D,96110.9,0.75,96067.9,3,7481.0,14416.6,-0.058,19222.2,-0.003,24027.7,0.027,14416.6,0.015,True
15,Player_A,100044.8,0.0,100044.8,-,-,0.0,-0.021,0.0,0.217,0.0,0.017,0.0,-0.007,False
15,Player_B,77665.4,0.8,80855.8,-,-,15533.1,-0.021,15533.1,0.217,15533.1,0.017,15533.1,-0.007,False
15,Player_C,104853.6,0.8,109160.8,-,-,20970.7,-0.021,20970.7,0.217,20970.7,0.017,20970.7,-0.007,False
15,Player_D,96067.9,0.8,100014.1,-,-,19213.6,-0.021,19213.6,0.217,19213.6,0.017,19213.6,-0.007,False
16,Player_A,100044.8,0.0,100044.8,2,9116.0,0.0,0.14,0.0,0.0,0.0,0.017,0.0,-0.021,True
16,Player_B,80855.8,0.9,83918.5,4,28305.0,24256.7,0.14,32342.3,0.0,0.0,0.017,16171.2,-0.021,True
16,Player_C,109160.8,0.5,109664.6,1,0.0,0.0,0.14,0.0,0.0,43664.3,0.017,10916.1,-0.021,True
16,Player_D,100014.1,0.75,102222.5,3,9146.7,15002.1,0.14,20002.8,0.0,25003.5,0.017,15002.1,-0.021,True
17,Player_A,100044.8,0.0,100044.8,-,-,0.0,0.073,0.0,-0.091,0.0,0.01,0.0,-0.089,False
17,Player_B,83918.5,0.8,82304.3,-,-,16783.7,0.073,16783.7,-0.091,16783.7,0.01,16783.7,-0.089,False
17,Player_C,109664.6,0.8,107555.2,-,-,21932.9,0.073,21932.9,-0.091,21932.9,0.01,21932.9,-0.089,False
17,Player_D,102222.5,0.8,100256.2,-,-,20444.5,0.073,20444.5,-0.091,20444.5,0.01,20444.5,-0.089,False
18,Player_A,100044.8,0.0,100044.8,3,7510.4,0.0,0.129,0.0,-0.004,0.0,-0.262,0.0,-0.444,True
18,Player_B,82304.3,0.9,78069.3,4,25250.9,24691.3,0.129,32921.7,-0.004,0.0,-0.262,16460.9,-0.444,True
18,Player_C,107555.2,0.5,91493.8,1,0.0,0.0,0.129,0.0,-0.004,43022.1,-0.262,10755.5,-0.444,True
18,Player_D,100256.2,0.75,88875.6,2,7299.0,15038.4,0.129,20051.2,-0.004,25064.1,-0.262,15038.4,-0.444,True
19,Player_A,100044.8,0.0,100044.8,-,-,0.0,0.128,0.0,0.083,0.0,0.019,0.0,-0.036,False
19,Player_B,78069.3,0.8,81107.8,-,-,15613.9,0.128,15613.9,0.083,15613.9,0.019,15613.9,-0.036,False
19,Player_C,91493.8,0.8,95054.8,-,-,18298.8,0.128,18298.8,0.083,18298.8,0.019,18298.8,-0.036,False
19,Player_D,88875.6,0.8,92334.7,-,-,17775.1,0.128,17775.1,0.083,17775.1,0.019,17775.1,-0.036,False
20,Player_A,100044.8,0.0,100044.8,1,0.0,0.0,0.032,0.0,0.117,0.0,0.011,0.0,-0.088,True
20,Player_B,81107.8,0.9,84254.6,4,18937.0,24332.3,0.032,32443.1,0.117,0.0,0.011,16221.6,-0.088,True
20,Player_C,95054.8,0.75,96739.6,2,4990.1,14258.2,0.032,19011.0,0.117,23763.7,0.011,14258.2,-0.088,True
20,Player_D,92334.7,0.75,93971.4,3,7710.1,13850.2,0.032,18466.9,0.117,23083.7,0.011,13850.2,-0.088,True
21,Player_A,100044.8,0.0,100044.8,-,-,0.0,0.095,0.0,-0.158,0.0,0.009,0.0,-0.02,False
21,Player_B,84254.6,0.8,83005.2,-,-,16850.9,0.095,16850.9,-0.158,16850.9,0.009,16850.9,-0.02,False
21,Player_C,96739.6,0.8,95305.1,-,-,19347.9,0.095,19347.9,-0.158,19347.9,0.009,19347.9,-0.02,False
21,Player_D,93971.4,0.8,92577.9,-,-,18794.3,0.095,18794.3,-0.158,18794.3,0.009,18794.3,-0.02,False
22,Player_A,100044.8,0.0,100044.8,1,0.0,0.0,0.1,0.0,-0.093,0.0,0.009,0.0,-0.032,True
22,Player_B,83005.2,0.9,81879.1,4,17039.6,24901.6,0.1,33202.1,-0.093,0.0,0.009,16601.0,-0.032,True
22,Player_C,95305.1,0.75,94732.6,2,4739.7,14295.8,0.1,19061.0,-0.093,23826.3,0.009,14295.8,-0.032,True
22,Player_D,92577.9,0.75,92021.8,3,7466.9,13886.7,0.1,18515.6,-0.093,23144.5,0.009,13886.7,-0.032,True
23,Player_A,100044.8,0.0,100044.8,-,-,0.0,0.039,0.0,-0.112,0.0,0.013,0.0,-0.1,False
23,Player_B,81879.1,0.8,79259.6,-,-,16375.8,0.039,16375.8,-0.112,16375.8,0.013,16375.8,-0.1,False
23,Player_C,94732.6,0.8,91701.9,-,-,18946.5,0.039,18946.5,-0.112,18946.5,0.013,18946.5,-0.1,False
23,Player_D,92021.8,0.8,89077.9,-,-,18404.4,0.039,18404.4,-0.112,18404.4,0.013,18404.4,-0.1,False
24,Player_A,100044.8,0.0,100044.8,1,0.0,0.0,0.237,0.0,-0.008,0.0,0.003,0.0,-0.083,True
24,Player_B,79259.6,0.9,83310.9,4,20785.2,23777.9,0.237,31703.9,-0.008,0.0,0.003,15851.9,-0.083,True
24,Player_C,91701.9,0.75,93733.5,2,8342.9,13755.3,0.237,18340.4,-0.008,22925.5,0.003,13755.3,-0.083,True
24,Player_D,89077.9,0.75,91051.3,3,10967.0,13361.7,0.237,17815.6,-0.008,22269.5,0.003,13361.7,-0.083,True
25,Player_A,100044.8,0.0,100044.8,-,-,0.0,0.091,0.0,-0.058,0.0,0.419,0.0,0.313,False
25,Player_B,83310.9,0.8,96062.1,-,-,16662.2,0.091,16662.2,-0.058,16662.2,0.419,16662.2,0.313,False
25,Player_C,93733.5,0.8,108080.0,-,-,18746.7,0.091,18746.7,-0.058,18746.7,0.419,18746.7,0.313,False
25,Player_D,91051.3,0.8,104987.3,-,-,18210.3,0.091,18210.3,-0.058,18210.3,0.419,18210.3,0.313,False
26,Player_A,100044.8,0.0,100044.8,3,8035.2,0.0,0.093,0.0,-0.0,0.0,0.024,0.0,-0.107,True
26,Player_B,96062.1,0.9,96695.8,4,12017.9,28818.6,0.093,38424.8,-0.0,0.0,0.024,19212.4,-0.107,True
26,Player_C,108080.0,0.5,107976.5,1,0.0,0.0,0.093,0.0,-0.0,43232.0,0.024,10808.0,-0.107,True
26,Player_D,104987.3,0.75,105411.2,2,3092.7,15748.1,0.093,20997.5,-0.0,26246.8,0.024,15748.1,-0.107,True
27,Player_A,100044.8,0.0,100044.8,-,-,0.0,0.14,0.0,0.247,0.0,0.032,0.0,-0.128,False
27,Player_B,96695.8,0.8,102328.9,-,-,19339.2,0.14,19339.2,0.247,19339.2,0.032,19339.2,-0.128,False
27,Player_C,107976.5,0.8,114266.8,-,-,21595.3,0.14,21595.3,0.247,21595.3,0.032,21595.3,-0.128,False
27,Player_D,105411.2,0.8,111552.1,-,-,21082.2,0.14,21082.2,0.247,21082.2,0.032,21082.2,-0.128,False
28,Player_A,100044.8,0.0,100044.8,4,14222.0,0.0,0.074,0.0,0.03,0.0,-0.001,0.0,-0.077,True
28,Player_B,102328.9,0.75,102878.4,3,11937.9,15349.3,0.074,20465.8,0.03,25582.2,-0.001,15349.3,-0.077,True
28,Player_C,114266.8,0.5,113334.4,1,0.0,0.0,0.074,0.0,0.03,45706.7,-0.001,11426.7,-0.077,True
28,Player_D,111552.1,0.75,112151.1,2,2714.7,16732.8,0.074,22310.4,0.03,27888.0,-0.001,16732.8,-0.077,True
29,Player_A,100044.8,0.0,100044.8,-,-,0.0,0.112,0.0,0.178,0.0,0.012,0.0,-0.041,False
29,Player_B,102878.4,0.8,108231.1,-,-,20575.7,0.112,20575.7,0.178,20575.7,0.012,20575.7,-0.041,False
29,Player_C,113334.4,0.8,119231.0,-,-,22666.9,0.112,22666.9,0.178,22666.9,0.012,22666.9,-0.041,False
29,Player_D,112151.1,0.8,117986.2,-,-,22430.2,0.112,22430.2,0.178,22430.2,0.012,22430.2,-0.041,False
30,Player_A,100044.8,0.0,100044.8,4,19186.2,0.0,0.151,0.0,0.075,0.0,0.012,0.0,-0.098,True
30,Player_B,108231.1,0.75,111049.8,3,10999.9,16234.7,0.151,21646.2,0.075,27057.8,0.012,16234.7,-0.098,True
30,Player_C,119231.0,0.5,118649.7,1,0.0,0.0,0.151,0.0,0.075,47692.4,0.012,11923.1,-0.098,True
30,Player_D,117986.2,0.75,121059.0,2,1244.8,17697.9,0.151,23597.2,0.075,29496.6,0.012,17697.9,-0.098,True
